{"Accuracy": 53.18103785249397, "Loss": 0.10910429184142419, "_timestamp": 1687469501.6957128, "_runtime": 2010.5386748313904, "_step": 39, "_wandb": {"runtime": 2008}}