{"Accuracy": 75.41537301087885, "Loss": 0.047939980463242354, "_timestamp": 1686581117.093794, "_runtime": 2087.8961050510406, "_step": 39, "_wandb": {"runtime": 2086}}