{"Accuracy": 63.78771034823281, "Loss": 0.08998249909719432, "_timestamp": 1687472339.756625, "_runtime": 2641.9059460163116, "_step": 39, "_wandb": {"runtime": 2641}}