{"Accuracy": 65.75579806691826, "Loss": 0.08941533555943013, "_timestamp": 1687475187.3368106, "_runtime": 2785.8775584697723, "_step": 39, "_wandb": {"runtime": 2784}}