{"Accuracy": 59.757056148235435, "Loss": 0.08268112992067676, "_timestamp": 1687465945.2316813, "_runtime": 144.08373045921326, "_step": 3, "_wandb": {"runtime": 165}}