{"Accuracy": 10.09182363534332, "Loss": 1.9056576795942581, "_timestamp": 1686581544.0125334, "_runtime": 342.4829833507538, "_step": 6}