{"Accuracy": 69.4304116869566, "Loss": 0.07182565705655947, "_timestamp": 1686578970.7374263, "_runtime": 1791.6487271785736, "_step": 39, "_wandb": {"runtime": 1790}}