{"Accuracy": 76.1127945212996, "Loss": 0.05037636450289228, "_timestamp": 1686576801.3815064, "_runtime": 1673.0836305618286, "_step": 39, "_wandb": {"runtime": 1671}}